0.0,0.0,0.046234071254730225,-0.04197341203689575,0.07744041085243225,-0.10987585783004761,0.08632788062095642,-0.16949790716171265,0.08949583768844604,-0.21039921045303345,0.05494546890258789,-0.18177299201488495,0.07363110780715942,-0.24450969696044922,0.08525693416595459,-0.2828313633799553,0.09390264749526978,-0.3109758198261261,0.03074556589126587,-0.19772909581661224,0.04219919443130493,-0.2713549956679344,0.0484125018119812,-0.31936708092689514,0.05391573905944824,-0.3570151627063751,0.004066020250320435,-0.1974457949399948,0.009058505296707153,-0.27089016139507294,0.01318424940109253,-0.31988199055194855,0.01828828454017639,-0.3583597391843796,-0.02754765748977661,-0.18319061398506165,-0.038929879665374756,-0.23966604471206665,-0.0453110933303833,-0.2775920182466507,-0.04923531413078308,-0.3115375488996506,hello
0.0,0.0,0.05461972951889038,-0.030541211366653442,0.09253168106079102,-0.0836336612701416,0.10892254114151001,-0.14757439494132996,0.11584293842315674,-0.20181453227996826,0.06897574663162231,-0.1717139482498169,0.08786040544509888,-0.24709993600845337,0.09839344024658203,-0.292072132229805,0.10711896419525146,-0.33062995970249176,0.04458272457122803,-0.1893538236618042,0.061419546604156494,-0.27335985004901886,0.07328516244888306,-0.3256891071796417,0.0838775634765625,-0.36822909116744995,0.0185127854347229,-0.19388538599014282,0.03250700235366821,-0.2752895802259445,0.042452335357666016,-0.3254752904176712,0.05191671848297119,-0.36367760598659515,-0.010576963424682617,-0.18567681312561035,-0.009665071964263916,-0.2472551167011261,-0.006987631320953369,-0.28845009207725525,-0.002677023410797119,-0.32524146139621735,hello
0.0,0.0,-0.04596048593521118,-0.0236283540725708,-0.0783085823059082,-0.08466207981109619,-0.09319978952407837,-0.14378488063812256,-0.11042273044586182,-0.1865260899066925,-0.05847370624542236,-0.1795468032360077,-0.07753396034240723,-0.2468993067741394,-0.0889785885810852,-0.2894287705421448,-0.09833282232284546,-0.32826295495033264,-0.03226381540298462,-0.19531232118606567,-0.04385828971862793,-0.275663822889328,-0.052202701568603516,-0.3264501690864563,-0.06067526340484619,-0.37028926610946655,-0.006374716758728027,-0.19248127937316895,-0.012664079666137695,-0.2671355605125427,-0.019624710083007812,-0.31521010398864746,-0.02792537212371826,-0.3584465980529785,0.020313739776611328,-0.17516613006591797,0.0248681902885437,-0.2317163050174713,0.025985419750213623,-0.27024513483047485,0.024873018264770508,-0.3066040277481079,hello
0.0,0.0,0.038816988468170166,-0.03353750705718994,0.06486871838569641,-0.08220544457435608,0.0716826319694519,-0.13346335291862488,0.06912538409233093,-0.1731962263584137,0.04432779550552368,-0.13484317064285278,0.050239115953445435,-0.19239026308059692,0.05080348253250122,-0.2286989688873291,0.05051904916763306,-0.26096412539482117,0.023902535438537598,-0.1409550905227661,0.02674981951713562,-0.20213180780410767,0.02574741840362549,-0.24347564578056335,0.023978739976882935,-0.2781067341566086,0.003701627254486084,-0.13611111044883728,0.00499880313873291,-0.19424846768379211,0.004800379276275635,-0.23142990469932556,0.004643887281417847,-0.26181305944919586,-0.018226414918899536,-0.12193381786346436,-0.023685485124588013,-0.165915846824646,-0.02614852786064148,-0.19490690529346466,-0.027429908514022827,-0.22117334604263306,hello
0.0,0.0,0.056810200214385986,-0.022459715604782104,0.09676891565322876,-0.06646022200584412,0.11493682861328125,-0.11894187331199646,0.12595772743225098,-0.16384321451187134,0.08112519979476929,-0.13943475484848022,0.10293495655059814,-0.1987285017967224,0.11402636766433716,-0.2375795543193817,0.12346845865249634,-0.27244073152542114,0.05601927638053894,-0.1619960069656372,0.07345804572105408,-0.22825413942337036,0.08443105220794678,-0.2732900083065033,0.09554016590118408,-0.31245751678943634,0.027496159076690674,-0.1720820963382721,0.04242223501205444,-0.2327616810798645,0.05280733108520508,-0.2728062868118286,0.06400516629219055,-0.3052191436290741,-0.005553111433982849,-0.16948413848876953,-0.004443764686584473,-0.22126618027687073,-0.002279937267303467,-0.25420933961868286,0.0017556846141815186,-0.2855556160211563,hello
0.0,0.0,-0.03457850217819214,-0.03307124972343445,-0.059151291847229004,-0.08307704329490662,-0.0686526894569397,-0.13280680775642395,-0.06957638263702393,-0.17696398496627808,-0.0456620454788208,-0.14363513886928558,-0.05659806728363037,-0.1989045888185501,-0.06009221076965332,-0.23203390836715698,-0.06176966428756714,-0.26373982429504395,-0.026296138763427734,-0.14745090901851654,-0.034152328968048096,-0.2033715844154358,-0.03658413887023926,-0.23761064559221268,-0.03805255889892578,-0.2653537839651108,-0.00713270902633667,-0.1397888958454132,-0.012542426586151123,-0.18833212554454803,-0.015587151050567627,-0.2194787859916687,-0.018316984176635742,-0.2462034970521927,0.013933300971984863,-0.1249127984046936,0.015059888362884521,-0.16121560335159302,0.015347421169281006,-0.18321825563907623,0.015789151191711426,-0.20416152477264404,hello
0.0,0.0,0.026635318994522095,-0.0009680986404418945,0.04564601182937622,-0.018108725547790527,0.05463534593582153,-0.042351365089416504,0.061303913593292236,-0.058747053146362305,0.034256935119628906,-0.06342178583145142,0.04504305124282837,-0.09229415655136108,0.05057266354560852,-0.11178845167160034,0.05421987175941467,-0.12772318720817566,0.02205720543861389,-0.07367604970932007,0.029259592294692993,-0.1090003252029419,0.03358975052833557,-0.13152039051055908,0.0372748076915741,-0.14894652366638184,0.009873896837234497,-0.07746291160583496,0.014646291732788086,-0.10925948619842529,0.018474072217941284,-0.13001403212547302,0.021939486265182495,-0.14600789546966553,-0.0041723549365997314,-0.07623565196990967,-0.005264371633529663,-0.10011577606201172,-0.005534738302230835,-0.11746442317962646,-0.005506545305252075,-0.13212919235229492,hello
0.0,0.0,-0.003627687692642212,-0.03838545083999634,0.0015779435634613037,-0.07548308372497559,0.01335415244102478,-0.09849244356155396,0.025890082120895386,-0.11528533697128296,-0.003376394510269165,-0.08836442232131958,0.009437233209609985,-0.133328378200531,0.016822248697280884,-0.16443580389022827,0.023047685623168945,-0.187117338180542,-0.0015132725238800049,-0.08392417430877686,0.010610133409500122,-0.13558268547058105,0.018701106309890747,-0.17242586612701416,0.025861531496047974,-0.20197337865829468,0.00527617335319519,-0.07543158531188965,0.014503806829452515,-0.13219928741455078,0.021106064319610596,-0.1675090789794922,0.026213407516479492,-0.19598278403282166,0.017167657613754272,-0.06400364637374878,0.02409777045249939,-0.10863184928894043,0.027920514345169067,-0.13454318046569824,0.030789852142333984,-0.15590780973434448,namaste
0.0,0.0,0.007916182279586792,-0.08793675899505615,0.023500531911849976,-0.17578744888305664,0.03718343377113342,-0.24016481637954712,0.04631718993186951,-0.2927744388580322,0.021039962768554688,-0.20792067050933838,0.03929302096366882,-0.3094866871833801,0.04852810502052307,-0.3826788067817688,0.054543763399124146,-0.44333264231681824,0.021255850791931152,-0.21070796251296997,0.04137575626373291,-0.32606756687164307,0.05279913544654846,-0.4060280919075012,0.06109452247619629,-0.47408679127693176,0.027257025241851807,-0.20261859893798828,0.047081440687179565,-0.3199261426925659,0.05721476674079895,-0.3939231038093567,0.06420573592185974,-0.4575216770172119,0.0404144823551178,-0.18770676851272583,0.05340522527694702,-0.2737177610397339,0.061518579721450806,-0.3309948444366455,0.06940755248069763,-0.382943719625473,namaste
0.0,0.0,0.0016189217567443848,-0.07645183801651001,0.008633255958557129,-0.16535592079162598,0.01817101240158081,-0.23138099908828735,0.025452017784118652,-0.2820793390274048,0.008289158344268799,-0.1902756690979004,0.018088102340698242,-0.29075783491134644,0.021660804748535156,-0.3611621856689453,0.02360635995864868,-0.41856443881988525,0.007742524147033691,-0.19401317834854126,0.01744788885116577,-0.30670565366744995,0.022309184074401855,-0.38418668508529663,0.02567511796951294,-0.44769272208213806,0.01317298412322998,-0.18994957208633423,0.022527575492858887,-0.3068525791168213,0.02661263942718506,-0.37773603200912476,0.029412150382995605,-0.4369879961013794,0.025785982608795166,-0.18259531259536743,0.0314449667930603,-0.26693087816238403,0.03489828109741211,-0.3235243558883667,0.038986027240753174,-0.37481600046157837,namaste
0.0,0.0,-0.03422689437866211,-0.04191863536834717,-0.04453340172767639,-0.09349232912063599,-0.045888304710388184,-0.13662946224212646,-0.04767164587974548,-0.17019134759902954,-0.03821825981140137,-0.1891527771949768,-0.042495012283325195,-0.2498610019683838,-0.04522410035133362,-0.2843979597091675,-0.04612302780151367,-0.3160855174064636,-0.022749662399291992,-0.20556873083114624,-0.02969840168952942,-0.2698723077774048,-0.03342506289482117,-0.30577629804611206,-0.03767126798629761,-0.3431735634803772,-0.007940202951431274,-0.20994436740875244,-0.012498706579208374,-0.27456557750701904,-0.01677083969116211,-0.312694251537323,-0.02003270387649536,-0.3485445976257324,0.014577418565750122,-0.1994171142578125,0.007033854722976685,-0.26529157161712646,0.0019092857837677002,-0.29961097240448,-0.0038923323154449463,-0.3325130343437195,namaste
0.0,0.0,0.02286490797996521,-0.10884249210357666,0.05557772517204285,-0.20045053958892822,0.07913067936897278,-0.27196305990219116,0.07960200309753418,-0.3352835774421692,0.11776942014694214,-0.1969572901725769,0.153636634349823,-0.13640683889389038,0.1378343105316162,-0.10687750577926636,0.11623013019561768,-0.10865169763565063,0.13088157773017883,-0.13277971744537354,0.1495962142944336,-0.0791693925857544,0.1287466287612915,-0.05708438158035278,0.10532915592193604,-0.06106150150299072,0.13530534505844116,-0.059238433837890625,0.1428389549255371,-0.022739112377166748,0.12200435996055603,-0.0075397491455078125,0.09889152646064758,-0.012716889381408691,0.13371533155441284,0.012405633926391602,0.1387283205986023,0.03197360038757324,0.11962080001831055,0.04046177864074707,0.10086730122566223,0.03504449129104614,ok
0.0,0.0,0.025952160358428955,-0.0696096420288086,0.07382452487945557,-0.13447827100753784,0.10640174150466919,-0.18632572889328003,0.11785644292831421,-0.2437383532524109,0.11267024278640747,-0.1286664605140686,0.18088805675506592,-0.05232429504394531,0.16202163696289062,-0.029320061206817627,0.13782572746276855,-0.03651350736618042,0.10863637924194336,-0.07823097705841064,0.17399388551712036,0.0022275447845458984,0.15328305959701538,0.022916674613952637,0.13059842586517334,0.015857815742492676,0.10062652826309204,-0.0208280086517334,0.15569466352462769,0.04839932918548584,0.13805800676345825,0.06380307674407959,0.11869829893112183,0.054633140563964844,0.09196150302886963,0.034147024154663086,0.13274884223937988,0.08116328716278076,0.11823809146881104,0.08847486972808838,0.10311335325241089,0.07765424251556396,ok
0.0,0.0,0.009736478328704834,-0.11642760038375854,0.039291441440582275,-0.19392532110214233,0.06827771663665771,-0.2485174536705017,0.08081793785095215,-0.30110234022140503,0.11632078886032104,-0.1471293568611145,0.10372775793075562,-0.15058785676956177,0.08356606960296631,-0.13752710819244385,0.07044798135757446,-0.12687933444976807,0.12643396854400635,-0.0822189450263977,0.10906916856765747,-0.09389829635620117,0.0925399661064148,-0.09012037515640259,0.07857614755630493,-0.07759422063827515,0.12248927354812622,-0.022615253925323486,0.10871726274490356,-0.04346197843551636,0.09455609321594238,-0.04183453321456909,0.0792156457901001,-0.03152871131896973,0.1125718355178833,0.027859032154083252,0.10524994134902954,0.008275270462036133,0.09149634838104248,0.007462501525878906,0.07770949602127075,0.014216423034667969,ok
0.0,0.0,0.007796525955200195,-0.1155693531036377,0.03817105293273926,-0.19286948442459106,0.06788182258605957,-0.24731940031051636,0.07862734794616699,-0.30206912755966187,0.11494094133377075,-0.14784961938858032,0.10045439004898071,-0.14844143390655518,0.07977277040481567,-0.13479214906692505,0.06698566675186157,-0.12515318393707275,0.12591415643692017,-0.08610159158706665,0.10472297668457031,-0.09281843900680542,0.08696573972702026,-0.08662843704223633,0.07415026426315308,-0.0759546160697937,0.12265324592590332,-0.027817606925964355,0.10448437929153442,-0.04410958290100098,0.08982729911804199,-0.04117166996002197,0.07593846321105957,-0.03319627046585083,0.11315810680389404,0.021188080310821533,0.1015477180480957,0.004562318325042725,0.08783352375030518,0.004576206207275391,0.0760500431060791,0.0095406174659729,ok
0.0,0.0,0.00738680362701416,-0.1154322624206543,0.037586092948913574,-0.1942417025566101,0.06746548414230347,-0.24814307689666748,0.07948780059814453,-0.3007323741912842,0.11493504047393799,-0.15106934309005737,0.10055804252624512,-0.14618808031082153,0.08058065176010132,-0.13354343175888062,0.06787079572677612,-0.1255360245704651,0.1260826587677002,-0.08789050579071045,0.10515022277832031,-0.08928549289703369,0.08770143985748291,-0.08459097146987915,0.07452869415283203,-0.07480138540267944,0.12303417921066284,-0.028255820274353027,0.10453343391418457,-0.04087597131729126,0.08970803022384644,-0.03911399841308594,0.07540750503540039,-0.03238576650619507,0.11334145069122314,0.022201716899871826,0.10157185792922974,0.008311450481414795,0.08795905113220215,0.008454740047454834,0.07570070028305054,0.012175261974334717,ok
0.0,0.0,0.02474278211593628,-0.09030824899673462,0.06850102543830872,-0.18104559183120728,0.08903336524963379,-0.25440776348114014,0.07890141010284424,-0.3185166120529175,0.09293666481971741,-0.1646767258644104,0.15619564056396484,-0.1142236590385437,0.13504374027252197,-0.10080218315124512,0.11049297451972961,-0.11418992280960083,0.09278354048728943,-0.09827429056167603,0.15245556831359863,-0.0553320050239563,0.13131824135780334,-0.04902660846710205,0.10763165354728699,-0.061801910400390625,0.09014025330543518,-0.028822362422943115,0.14271047711372375,-0.0008146762847900391,0.12165951728820801,0.0038553476333618164,0.09858536720275879,-0.0033904314041137695,0.0856793224811554,0.03565967082977295,0.12777075171470642,0.044174253940582275,0.10826733708381653,0.047294020652770996,0.08853614330291748,0.04559260606765747,ok
0.0,0.0,0.04911036789417267,-0.025654733180999756,0.09772466123104095,-0.08145695924758911,0.1260274201631546,-0.13848409056663513,0.12388597428798676,-0.1886621117591858,0.08083619177341461,-0.18557879328727722,0.10233564674854279,-0.24862992763519287,0.11325444281101227,-0.2828493118286133,0.12117917835712433,-0.3126547038555145,0.05543003976345062,-0.2109004259109497,0.07109726965427399,-0.28973931074142456,0.08192984759807587,-0.3392300009727478,0.0903102308511734,-0.3821554481983185,0.027609720826148987,-0.2172566056251526,0.04198841750621796,-0.29108259081840515,0.054333969950675964,-0.3358395993709564,0.06505979597568512,-0.3738143742084503,-0.0036316215991973877,-0.2067405879497528,-0.0049461424350738525,-0.26604533195495605,-0.007235720753669739,-0.30737364292144775,-0.0073519498109817505,-0.34753313660621643,hello
0.0,0.0,-0.050071120262145996,-0.0024009346961975098,-0.09653270244598389,-0.03732788562774658,-0.12710338830947876,-0.08661636710166931,-0.14556998014450073,-0.14283043146133423,-0.10153567790985107,-0.15559977293014526,-0.13296931982040405,-0.22315821051597595,-0.1476936936378479,-0.26620563864707947,-0.15865063667297363,-0.3065791130065918,-0.0782211422920227,-0.18592053651809692,-0.10703623294830322,-0.2667611837387085,-0.121257483959198,-0.3147360384464264,-0.13283687829971313,-0.3565197288990021,-0.05029326677322388,-0.19659942388534546,-0.07544779777526855,-0.277229905128479,-0.0883374810218811,-0.3248353600502014,-0.10050654411315918,-0.3677688539028168,-0.0175057053565979,-0.19387802481651306,-0.02805352210998535,-0.2546883225440979,-0.034903526306152344,-0.29298290610313416,-0.0430639386177063,-0.3283136487007141,hello
0.0,0.0,0.044724345207214355,-0.0385318398475647,0.08213192224502563,-0.10092276334762573,0.09739890694618225,-0.16488397121429443,0.0875241756439209,-0.21451181173324585,0.06082981824874878,-0.19703882932662964,0.07946866750717163,-0.27316540479660034,0.08793506026268005,-0.3193522095680237,0.09450754523277283,-0.3605366349220276,0.034308820962905884,-0.2120998501777649,0.04670640826225281,-0.29718852043151855,0.05489224195480347,-0.351057767868042,0.06174522638320923,-0.39682456851005554,0.006585478782653809,-0.20905202627182007,0.01592022180557251,-0.29082316160202026,0.024597883224487305,-0.34284526109695435,0.033028364181518555,-0.38704442977905273,-0.023205846548080444,-0.18905162811279297,-0.030119597911834717,-0.249664306640625,-0.03372877836227417,-0.28965556621551514,-0.03517138957977295,-0.32701319456100464,hello
0.0,0.0,0.04956948757171631,-0.012319505214691162,0.09153243899345398,-0.04931586980819702,0.11648589372634888,-0.09673595428466797,0.13592779636383057,-0.1391037106513977,0.08947750926017761,-0.1660558581352234,0.11418089270591736,-0.22792458534240723,0.12910109758377075,-0.2672365605831146,0.14197823405265808,-0.30141639709472656,0.06649455428123474,-0.19187197089195251,0.08782100677490234,-0.2650465965270996,0.10223850607872009,-0.30863526463508606,0.11573746800422668,-0.3472077250480652,0.03931674361228943,-0.20104706287384033,0.05862468481063843,-0.26955533027648926,0.0720522403717041,-0.3114407956600189,0.08531570434570312,-0.34607815742492676,0.007095277309417725,-0.1955743432044983,0.008387058973312378,-0.26034748554229736,0.01180526614189148,-0.30264711380004883,0.016849368810653687,-0.3409038484096527,hello
0.0,0.0,-0.044929563999176025,-0.017902344465255737,-0.08693480491638184,-0.05399617552757263,-0.11611765623092651,-0.09302476048469543,-0.14013957977294922,-0.13272801041603088,-0.08806735277175903,-0.1588185429573059,-0.11470282077789307,-0.2228555977344513,-0.12635213136672974,-0.26281948387622833,-0.13566374778747559,-0.3005635291337967,-0.0660398006439209,-0.18185314536094666,-0.08843433856964111,-0.2576562911272049,-0.0984344482421875,-0.30585823953151703,-0.10641723871231079,-0.34786538779735565,-0.04082214832305908,-0.18825647234916687,-0.05788999795913696,-0.2586735934019089,-0.06756401062011719,-0.3007132411003113,-0.0773276686668396,-0.337837278842926,-0.012151181697845459,-0.18286821246147156,-0.023245275020599365,-0.23780286312103271,-0.030693888664245605,-0.27169959247112274,-0.03837531805038452,-0.303765133023262,hello
0.0,0.0,0.045758992433547974,0.011932045221328735,0.08947935700416565,-0.004477351903915405,0.12217587232589722,-0.039831846952438354,0.13840919733047485,-0.08144843578338623,0.09858432412147522,-0.09932360053062439,0.1333308219909668,-0.143556147813797,0.15253415703773499,-0.17389851808547974,0.1683748960494995,-0.20317807793617249,0.08154621720314026,-0.13199767470359802,0.11184847354888916,-0.18909892439842224,0.12995266914367676,-0.22658416628837585,0.14478656649589539,-0.2588050663471222,0.05879712104797363,-0.1528414785861969,0.08583617210388184,-0.20517176389694214,0.10397249460220337,-0.2380698025226593,0.11982458829879761,-0.2651405334472656,0.030509769916534424,-0.16343605518341064,0.04053264856338501,-0.20870032906532288,0.047544658184051514,-0.24041607975959778,0.053789883852005005,-0.2692585587501526,hello
0.0,0.0,0.04675379395484924,-0.002980828285217285,0.09037180244922638,-0.030245840549468994,0.11621768772602081,-0.08360850811004639,0.1181427389383316,-0.13579455018043518,0.09064720571041107,-0.11522367596626282,0.11870206892490387,-0.16483443975448608,0.13380952179431915,-0.196836918592453,0.14637605845928192,-0.22531861066818237,0.06994105875492096,-0.1419951617717743,0.09423129260540009,-0.20003333687782288,0.10799901187419891,-0.24025580286979675,0.11977492272853851,-0.27386488020420074,0.04575492441654205,-0.1568794548511505,0.06770505011081696,-0.2121475636959076,0.08182685077190399,-0.2494412660598755,0.09451104700565338,-0.279436856508255,0.015845075249671936,-0.16257932782173157,0.025394871830940247,-0.20829042792320251,0.03201477229595184,-0.24081271886825562,0.03886991739273071,-0.27048318088054657,hello
0.0,0.0,0.03818345069885254,-0.049021124839782715,0.06444251537322998,-0.12317153811454773,0.0756298303604126,-0.175385981798172,0.07374942302703857,-0.21018749475479126,0.0457988977432251,-0.20709368586540222,0.04885268211364746,-0.27123045921325684,0.047996461391448975,-0.30830150842666626,0.04732900857925415,-0.3453705608844757,0.023648381233215332,-0.21073275804519653,0.02499520778656006,-0.27961939573287964,0.02588629722595215,-0.32400572299957275,0.02633059024810791,-0.36405622959136963,0.0008185505867004395,-0.19891750812530518,-0.00026810169219970703,-0.26933950185775757,-6.669759750366211e-05,-0.3107033967971802,0.0010228157043457031,-0.34807172417640686,-0.023745715618133545,-0.17414820194244385,-0.02919185161590576,-0.22706320881843567,-0.03293919563293457,-0.25902020931243896,-0.03475064039230347,-0.29021909832954407,hello
0.0,0.0,0.021930664777755737,-0.05106836557388306,0.03109055757522583,-0.11740553379058838,0.031126022338867188,-0.16655975580215454,0.032686829566955566,-0.20242801308631897,-0.011631220579147339,-0.17290306091308594,-0.024485409259796143,-0.22563815116882324,-0.03356161713600159,-0.2581624686717987,-0.041256070137023926,-0.28400754928588867,-0.03306049108505249,-0.1602422297000885,-0.05487439036369324,-0.2156519591808319,-0.06861269474029541,-0.2482113540172577,-0.07927638292312622,-0.27452826499938965,-0.049090415239334106,-0.136191725730896,-0.07244914770126343,-0.18479695916175842,-0.08715188503265381,-0.21386656165122986,-0.0986391007900238,-0.2382146418094635,-0.061548203229904175,-0.10106462240219116,-0.0820571780204773,-0.13508018851280212,-0.09565326571464539,-0.15686145424842834,-0.10798472166061401,-0.17791590094566345,hello
0.0,0.0,-0.029048264026641846,0.00251084566116333,-0.06302303075790405,-0.017632901668548584,-0.08358871936798096,-0.059780776500701904,-0.0901840329170227,-0.1081816554069519,-0.08411943912506104,-0.12272816896438599,-0.11362820863723755,-0.17363762855529785,-0.12627902626991272,-0.21125933527946472,-0.13393351435661316,-0.24892297387123108,-0.07053381204605103,-0.1533198356628418,-0.09915578365325928,-0.21443712711334229,-0.11085385084152222,-0.2564465403556824,-0.11851060390472412,-0.2991446852684021,-0.05237138271331787,-0.16804486513137817,-0.07460302114486694,-0.22575238347053528,-0.08494973182678223,-0.26553836464881897,-0.09228849411010742,-0.30307263135910034,-0.02844059467315674,-0.1722182035446167,-0.043543457984924316,-0.2221134901046753,-0.0500144362449646,-0.2548726797103882,-0.05486553907394409,-0.2887352705001831,hello
0.0,0.0,-0.028762221336364746,-0.019337952136993408,-0.056362688541412354,-0.0659756064414978,-0.07183957099914551,-0.11514464020729065,-0.08186721801757812,-0.15806829929351807,-0.05356544256210327,-0.15068230032920837,-0.07193201780319214,-0.2126038670539856,-0.0791240930557251,-0.2513532489538193,-0.0831727385520935,-0.285906583070755,-0.036915719509124756,-0.1613321304321289,-0.05055379867553711,-0.22738713026046753,-0.05667799711227417,-0.26874278485774994,-0.05953282117843628,-0.3029179722070694,-0.01874709129333496,-0.15805262327194214,-0.029595911502838135,-0.22151637077331543,-0.03413635492324829,-0.25858457386493683,-0.03699737787246704,-0.2912532091140747,0.001986861228942871,-0.14636248350143433,-0.0013005733489990234,-0.18945527076721191,-0.0017796754837036133,-0.2164844572544098,-0.0017966628074645996,-0.24290615320205688,hello
0.0,0.0,0.06389524042606354,-0.021073579788208008,0.1132672131061554,-0.0750156044960022,0.14070022106170654,-0.13396328687667847,0.16262823343276978,-0.1842900514602661,0.11309000849723816,-0.1961624026298523,0.14411145448684692,-0.2563716769218445,0.16226443648338318,-0.29138293862342834,0.17817658185958862,-0.3235408663749695,0.08930715918540955,-0.2279345989227295,0.11787939071655273,-0.3070576786994934,0.13547015190124512,-0.35248562693595886,0.15205353498458862,-0.3924402594566345,0.0592208206653595,-0.24118167161941528,0.08539408445358276,-0.3188164234161377,0.10113394260406494,-0.3646642863750458,0.11692202091217041,-0.40396422147750854,0.021125689148902893,-0.23817062377929688,0.027775675058364868,-0.30778056383132935,0.03476938605308533,-0.35168546438217163,0.043067485094070435,-0.393867552280426,hello
0.0,0.0,-0.0462915301322937,0.009307503700256348,-0.09222644567489624,-0.010887086391448975,-0.12460958957672119,-0.04272708296775818,-0.1514047384262085,-0.07219114899635315,-0.10967695713043213,-0.11696246266365051,-0.1461784839630127,-0.1783641278743744,-0.16486996412277222,-0.21823546290397644,-0.17811983823776245,-0.2538366764783859,-0.0900314450263977,-0.1521555781364441,-0.12328934669494629,-0.22334593534469604,-0.14158356189727783,-0.2682429552078247,-0.15605014562606812,-0.3072179853916168,-0.0639798641204834,-0.17136207222938538,-0.09125131368637085,-0.24101172387599945,-0.10779225826263428,-0.2830009162425995,-0.12333047389984131,-0.318127378821373,-0.03234207630157471,-0.17797407507896423,-0.0500834584236145,-0.23431813716888428,-0.06487464904785156,-0.26630155742168427,-0.08033972978591919,-0.2948678433895111,hello
0.0,0.0,-0.04347670078277588,0.028342723846435547,-0.09294730424880981,0.02535194158554077,-0.13293761014938354,0.0021741390228271484,-0.1661354899406433,-0.02411392331123352,-0.11983168125152588,-0.06900739669799805,-0.16104912757873535,-0.10740375518798828,-0.18178784847259521,-0.13529014587402344,-0.19915920495986938,-0.16424566507339478,-0.10646367073059082,-0.10836896300315857,-0.14829576015472412,-0.1559118628501892,-0.17046505212783813,-0.18878307938575745,-0.18873584270477295,-0.21913504600524902,-0.0860062837600708,-0.13526812195777893,-0.12496954202651978,-0.1823853850364685,-0.14525741338729858,-0.21247562766075134,-0.16376513242721558,-0.23935088515281677,-0.058630406856536865,-0.15718165040016174,-0.08537834882736206,-0.19857364892959595,-0.10298120975494385,-0.22365206480026245,-0.12038636207580566,-0.24650785326957703,hello
0.0,0.0,0.04718385636806488,-0.04058140516281128,0.08001510798931122,-0.11419320106506348,0.09513925015926361,-0.17511141300201416,0.10029555857181549,-0.22008472681045532,0.04125829041004181,-0.2135257124900818,0.052290335297584534,-0.2719692587852478,0.06425374746322632,-0.27916890382766724,0.07261490821838379,-0.27844661474227905,0.01215343177318573,-0.22695761919021606,0.015450745820999146,-0.30779942870140076,0.022398605942726135,-0.3544754087924957,0.030516579747200012,-0.3923177719116211,-0.016518592834472656,-0.22170919179916382,-0.0196978896856308,-0.3013918697834015,-0.01435863971710205,-0.3510937988758087,-0.006277918815612793,-0.39151322841644287,-0.045887723565101624,-0.19914564490318298,-0.059094443917274475,-0.2645910382270813,-0.06360583752393723,-0.3076361119747162,-0.06373406201601028,-0.34581148624420166,hello
0.0,0.0,0.04750552773475647,-0.07767868041992188,0.07767924666404724,-0.1571372151374817,0.09776152670383453,-0.21476620435714722,0.09792657196521759,-0.26113343238830566,0.059022799134254456,-0.21944940090179443,0.07226364314556122,-0.2964305281639099,0.06387640535831451,-0.32328689098358154,0.05228455364704132,-0.33558499813079834,0.05004344880580902,-0.22317621111869812,0.06088176369667053,-0.2997293472290039,0.049473002552986145,-0.31981712579727173,0.034603044390678406,-0.3274446129798889,0.04296255111694336,-0.21250778436660767,0.058666229248046875,-0.28966498374938965,0.04369160532951355,-0.30974534153938293,0.026538699865341187,-0.3167514503002167,0.038683533668518066,-0.1890922486782074,0.06513431668281555,-0.2526569366455078,0.05830220878124237,-0.25834500789642334,0.047812700271606445,-0.24818181991577148,hello
0.0,0.0,0.0643330067396164,-0.05828428268432617,0.10644400119781494,-0.13067388534545898,0.12273617088794708,-0.19222503900527954,0.12705178558826447,-0.2469012439250946,0.08224722743034363,-0.22555723786354065,0.09778173267841339,-0.2993285059928894,0.09275102615356445,-0.3384753465652466,0.08595094084739685,-0.3695584833621979,0.05446770787239075,-0.23479175567626953,0.072334423661232,-0.31339898705482483,0.07305677235126495,-0.3365679085254669,0.07027226686477661,-0.3425028920173645,0.024024412035942078,-0.23034396767616272,0.03876061737537384,-0.3069581091403961,0.048168331384658813,-0.3076459765434265,0.056072548031806946,-0.2929754853248596,-0.011424988508224487,-0.21589231491088867,-0.004992470145225525,-0.28354591131210327,0.003294631838798523,-0.3063510060310364,0.011781439185142517,-0.31573235988616943,hello
0.0,0.0,0.0601532906293869,-0.019035756587982178,0.1117754727602005,-0.08716529607772827,0.14124445617198944,-0.1550799012184143,0.152448371052742,-0.21235153079032898,0.09427665174007416,-0.22022143006324768,0.12154577672481537,-0.3023226261138916,0.13585741817951202,-0.3535889685153961,0.14707167446613312,-0.3985384702682495,0.06257881224155426,-0.24472171068191528,0.08521725237369537,-0.3374560475349426,0.09941674768924713,-0.3967198133468628,0.11169667541980743,-0.4464537501335144,0.028080329298973083,-0.24933817982673645,0.04666481912136078,-0.33885419368743896,0.06066781282424927,-0.3973824977874756,0.07436797022819519,-0.4477922320365906,-0.01083625853061676,-0.23772215843200684,-0.012163147330284119,-0.31112140417099,-0.012059107422828674,-0.3641100525856018,-0.009959474205970764,-0.414825975894928,hello
0.0,0.0,0.05936266481876373,-0.029913246631622314,0.10545063018798828,-0.09399920701980591,0.13111606240272522,-0.16070234775543213,0.1404491364955902,-0.22083133459091187,0.08602291345596313,-0.21552300453186035,0.11250358819961548,-0.29721519351005554,0.12550225853919983,-0.34760725498199463,0.1356862187385559,-0.3920326828956604,0.05424584448337555,-0.2399214208126068,0.0745239406824112,-0.33465489745140076,0.08640837669372559,-0.3938370645046234,0.09685510396957397,-0.4438367187976837,0.02021801471710205,-0.24223682284355164,0.0351792573928833,-0.33755195140838623,0.04519417881965637,-0.39967164397239685,0.056249141693115234,-0.4536364674568176,-0.01714465022087097,-0.22482001781463623,-0.0197659432888031,-0.29771578311920166,-0.019845351576805115,-0.3493989109992981,-0.018039196729660034,-0.39651602506637573,hello
0.0,0.0,0.05798524618148804,-0.051078617572784424,0.09708777070045471,-0.12767916917800903,0.1149970293045044,-0.19602078199386597,0.1194106936454773,-0.2531980574131012,0.06515951454639435,-0.2397758662700653,0.08333531022071838,-0.32245028018951416,0.09241333603858948,-0.37042444944381714,0.09954378008842468,-0.4151906371116638,0.03303538262844086,-0.2533895969390869,0.043833956122398376,-0.3448977470397949,0.051426053047180176,-0.40062594413757324,0.059013545513153076,-0.45004916191101074,0.0007836222648620605,-0.24770528078079224,0.005759060382843018,-0.3345467448234558,0.012409090995788574,-0.39049945771694183,0.019958287477493286,-0.43813356757164,-0.033888667821884155,-0.22481858730316162,-0.04284382611513138,-0.29723215103149414,-0.047226063907146454,-0.3466115891933441,-0.048374347388744354,-0.3936126381158829,hello
0.0,0.0,0.04266194999217987,-0.0763329267501831,0.06554050743579865,-0.16400429606437683,0.06281901895999908,-0.24507147073745728,0.05403897166252136,-0.3066873848438263,0.012509703636169434,-0.2562709450721741,0.006887584924697876,-0.34470483660697937,-0.00010117888450622559,-0.3962504267692566,-0.007363468408584595,-0.44009456038475037,-0.021962516009807587,-0.24736937880516052,-0.03807113319635391,-0.33956649899482727,-0.048908986151218414,-0.3977017402648926,-0.059005118906497955,-0.44454699754714966,-0.050029903650283813,-0.21889692544937134,-0.07059221714735031,-0.30365297198295593,-0.08135373890399933,-0.3578724265098572,-0.09161350131034851,-0.4028332829475403,-0.07361127436161041,-0.17232605814933777,-0.09198648482561111,-0.21426329016685486,-0.09764643758535385,-0.23254740238189697,-0.1024717167019844,-0.24820789694786072,hello
0.0,0.0,0.05233134329319,-0.04043149948120117,0.09323078393936157,-0.11169558763504028,0.11211206018924713,-0.1810460090637207,0.12024746835231781,-0.24133208394050598,0.06654016673564911,-0.2338862419128418,0.08531038463115692,-0.3064268231391907,0.09747330844402313,-0.3418641984462738,0.10650859773159027,-0.36692002415657043,0.03587670624256134,-0.2511618137359619,0.0465807169675827,-0.33957040309906006,0.05293463170528412,-0.39586564898490906,0.0583261102437973,-0.44103313982486725,0.0034991800785064697,-0.24646788835525513,0.007787942886352539,-0.33643925189971924,0.011555060744285583,-0.3933030962944031,0.016906529664993286,-0.4392509162425995,-0.030512548983097076,-0.22137880325317383,-0.040048375725746155,-0.29153281450271606,-0.04682110249996185,-0.33707892894744873,-0.05199247598648071,-0.37789392471313477,hello
0.0,0.0,-0.04631972312927246,-0.019971489906311035,-0.088900625705719,-0.06481057405471802,-0.11974632740020752,-0.11583203077316284,-0.14234888553619385,-0.16962459683418274,-0.09586787223815918,-0.17609348893165588,-0.12390375137329102,-0.24958264827728271,-0.1370822787284851,-0.29363712668418884,-0.14717000722885132,-0.3384140729904175,-0.07279890775680542,-0.20282518863677979,-0.10029405355453491,-0.2833002805709839,-0.11431139707565308,-0.33239516615867615,-0.1259492039680481,-0.3791138231754303,-0.046294450759887695,-0.2110264003276825,-0.0669865608215332,-0.2884238064289093,-0.07861363887786865,-0.33395279943943024,-0.08959430456161499,-0.37561672925949097,-0.01570838689804077,-0.2054940164089203,-0.02689337730407715,-0.26565268635749817,-0.032879412174224854,-0.302826851606369,-0.04045361280441284,-0.3377395570278168,hello
0.0,0.0,-0.044011473655700684,0.0033305883407592773,-0.08880770206451416,-0.025154829025268555,-0.12092083692550659,-0.0710412859916687,-0.14774858951568604,-0.11843034625053406,-0.10833579301834106,-0.14009904861450195,-0.14322012662887573,-0.20256590843200684,-0.15907227993011475,-0.24375870823860168,-0.17089945077896118,-0.28647391498088837,-0.08827584981918335,-0.17511418461799622,-0.12124127149581909,-0.24645444750785828,-0.13731151819229126,-0.2949935495853424,-0.15001541376113892,-0.33934058248996735,-0.0635918378829956,-0.19007962942123413,-0.09113204479217529,-0.2570361942052841,-0.10522222518920898,-0.3006412982940674,-0.11823278665542603,-0.34099696576595306,-0.03296083211898804,-0.1942596435546875,-0.05163925886154175,-0.24583524465560913,-0.06242316961288452,-0.2797479182481766,-0.07226228713989258,-0.3143146336078644,hello
0.0,0.0,-0.04451000690460205,-0.027386844158172607,-0.0802847146987915,-0.07707738876342773,-0.10199254751205444,-0.13004490733146667,-0.11572474241256714,-0.18128323554992676,-0.07294028997421265,-0.1607154756784439,-0.0925217866897583,-0.22772076725959778,-0.0994909405708313,-0.27008286118507385,-0.10341238975524902,-0.308602899312973,-0.049758851528167725,-0.17466102540493011,-0.06605654954910278,-0.24779966473579407,-0.07163071632385254,-0.2939506024122238,-0.07509005069732666,-0.33213678002357483,-0.025969386100769043,-0.17363302409648895,-0.03906416893005371,-0.2425803244113922,-0.04590350389480591,-0.2836957573890686,-0.051425933837890625,-0.32016971707344055,0.001656651496887207,-0.16466885805130005,-0.0030356645584106445,-0.21186694502830505,-0.007332444190979004,-0.23972846567630768,-0.011023759841918945,-0.26694126427173615,hello
0.0,0.0,-0.01334601640701294,-0.09281635284423828,-0.014485955238342285,-0.1637546420097351,-0.019171535968780518,-0.20516115427017212,-0.02273237705230713,-0.22721529006958008,0.048781752586364746,-0.19220620393753052,0.03679627180099487,-0.2706974744796753,0.006428241729736328,-0.30128008127212524,-0.02163204550743103,-0.3128814697265625,0.057601094245910645,-0.1541522741317749,0.04675179719924927,-0.23938065767288208,0.011441707611083984,-0.28283631801605225,-0.018253803253173828,-0.3009216785430908,0.055522024631500244,-0.10600495338439941,0.0484083890914917,-0.18192845582962036,0.016195595264434814,-0.23405516147613525,-0.012648940086364746,-0.2614269256591797,0.043470919132232666,-0.05276918411254883,0.0373799204826355,-0.10532379150390625,0.016852140426635742,-0.1521243453025818,-0.004822850227355957,-0.1860697865486145,namaste
0.0,0.0,-0.03575342893600464,-0.10887235403060913,-0.026732444763183594,-0.1939721703529358,-0.021770179271697998,-0.2558099627494812,-0.028298258781433105,-0.31217288970947266,0.01820671558380127,-0.2109755277633667,0.0046021342277526855,-0.3113197088241577,-0.0066231489181518555,-0.3730999231338501,-0.017348527908325195,-0.43174952268600464,0.023642897605895996,-0.19133305549621582,0.007971882820129395,-0.321483314037323,-0.006005644798278809,-0.3913944959640503,-0.019133448600769043,-0.45711052417755127,0.01995408535003662,-0.15997493267059326,0.008977770805358887,-0.2911517024040222,-0.0005897283554077148,-0.35888463258743286,-0.008145809173583984,-0.42105820775032043,0.004764676094055176,-0.12776398658752441,0.007716238498687744,-0.19196969270706177,0.009216606616973877,-0.24492669105529785,0.012553572654724121,-0.3010157346725464,namaste
0.0,0.0,0.003019273281097412,-0.07744139432907104,0.009880989789962769,-0.15265744924545288,0.017141073942184448,-0.20764994621276855,0.022640466690063477,-0.25327324867248535,0.02087867259979248,-0.17401432991027832,0.04123866558074951,-0.2603728771209717,0.04867979884147644,-0.32228511571884155,0.05214318633079529,-0.37608903646469116,0.021704137325286865,-0.1660078763961792,0.045139461755752563,-0.26422882080078125,0.052685290575027466,-0.3333607614040375,0.05663135647773743,-0.39559537172317505,0.024729102849960327,-0.14535939693450928,0.04591307044029236,-0.2391834855079651,0.05135384202003479,-0.30079132318496704,0.053183287382125854,-0.35733863711357117,0.030911773443222046,-0.1160549521446228,0.04281994700431824,-0.17025679349899292,0.04678073525428772,-0.21088045835494995,0.04966619610786438,-0.25050997734069824,namaste
0.0,0.0,0.01511642336845398,-0.08946943283081055,0.01100468635559082,-0.1623489260673523,0.0018286705017089844,-0.21513605117797852,-0.007455229759216309,-0.25602400302886963,0.00285986065864563,-0.2000991702079773,-0.01306760311126709,-0.3089900612831116,-0.023103713989257812,-0.3746398687362671,-0.03087964653968811,-0.42819637060165405,-0.005799829959869385,-0.19194966554641724,-0.02617102861404419,-0.31436946988105774,-0.04134875535964966,-0.3885749578475952,-0.05190286040306091,-0.44794243574142456,-0.02063363790512085,-0.17170000076293945,-0.03955867886543274,-0.29329073429107666,-0.05331146717071533,-0.3619745969772339,-0.06162425875663757,-0.4177752733230591,-0.04082691669464111,-0.1415325403213501,-0.052566707134246826,-0.22448372840881348,-0.06069207191467285,-0.27903491258621216,-0.06779822707176208,-0.32698237895965576,namaste
0.0,0.0,-0.006356537342071533,-0.08214467763900757,0.0028976798057556152,-0.1612987518310547,0.01694720983505249,-0.2190101146697998,0.031434059143066406,-0.2595101594924927,0.009039044380187988,-0.17896884679794312,0.03258603811264038,-0.27026113867759705,0.045026540756225586,-0.33081454038619995,0.053981781005859375,-0.3810908794403076,0.014759540557861328,-0.17297273874282837,0.044025957584381104,-0.2743457555770874,0.05784165859222412,-0.3426644802093506,0.06855672597885132,-0.3999028205871582,0.025923848152160645,-0.154887855052948,0.05348902940750122,-0.25578224658966064,0.06713002920150757,-0.31971582770347595,0.07756990194320679,-0.3754024803638458,0.04107636213302612,-0.1277967095375061,0.05670982599258423,-0.19824182987213135,0.06604015827178955,-0.24339646100997925,0.07580894231796265,-0.28411170840263367,namaste
0.0,0.0,0.010256350040435791,-0.07333940267562866,0.011360228061676025,-0.13657259941101074,0.012396633625030518,-0.18374627828598022,0.01656442880630493,-0.22643804550170898,0.004821419715881348,-0.17826306819915771,-0.004695713520050049,-0.26902055740356445,-0.012324154376983643,-0.32513803243637085,-0.019154846668243408,-0.37379270792007446,0.0019495487213134766,-0.17126047611236572,-0.009770333766937256,-0.2776257395744324,-0.021401703357696533,-0.34112846851348877,-0.03174257278442383,-0.39400070905685425,-0.006633937358856201,-0.15334349870681763,-0.018491804599761963,-0.25746452808380127,-0.02922964096069336,-0.3159518241882324,-0.03782469034194946,-0.3621625304222107,-0.020095109939575195,-0.1286523938179016,-0.02674686908721924,-0.19815784692764282,-0.031964778900146484,-0.2465602159500122,-0.03754878044128418,-0.2879016399383545,namaste
0.0,0.0,0.006605386734008789,-0.07903584837913513,0.003609180450439453,-0.15281295776367188,-0.00233536958694458,-0.20787808299064636,-0.007884979248046875,-0.25155308842658997,0.0008210539817810059,-0.19744929671287537,-0.015652596950531006,-0.29883134365081787,-0.0253678560256958,-0.3642677515745163,-0.03364214301109314,-0.4176713228225708,-0.003608524799346924,-0.19308209419250488,-0.021877020597457886,-0.3087112307548523,-0.0334925651550293,-0.38246263563632965,-0.04297879338264465,-0.4437475949525833,-0.014396756887435913,-0.17686066031455994,-0.030562490224838257,-0.29183024168014526,-0.040099501609802246,-0.35875873267650604,-0.04724457859992981,-0.41369137167930603,-0.0292588472366333,-0.15308234095573425,-0.037198036909103394,-0.22955617308616638,-0.042847007513046265,-0.28256750106811523,-0.04937201738357544,-0.3288073241710663,namaste
0.0,0.0,0.018322259187698364,-0.07342502474784851,0.016212016344070435,-0.13726258277893066,0.006974309682846069,-0.18232959508895874,-0.0025253593921661377,-0.2169526219367981,0.01003408432006836,-0.17689695954322815,-0.006805211305618286,-0.26407015323638916,-0.0177251398563385,-0.3208533823490143,-0.027269691228866577,-0.3655250668525696,0.002135753631591797,-0.17756390571594238,-0.01506701111793518,-0.27615001797676086,-0.026376575231552124,-0.3367661088705063,-0.035376399755477905,-0.38444386422634125,-0.01202613115310669,-0.16983455419540405,-0.027275145053863525,-0.2657453715801239,-0.03713563084602356,-0.32073232531547546,-0.044258832931518555,-0.36440518498420715,-0.031437426805496216,-0.15496355295181274,-0.040277183055877686,-0.22873970866203308,-0.04541894793510437,-0.27359136939048767,-0.05010986328125,-0.311017170548439,namaste
0.0,0.0,0.02761077880859375,-0.05591559410095215,0.0363011360168457,-0.11428695917129517,0.03613060712814331,-0.16299623250961304,0.03058326244354248,-0.19742858409881592,0.018418967723846436,-0.19015082716941833,0.0037836432456970215,-0.27798715233802795,-0.0046308040618896484,-0.3284189701080322,-0.011694133281707764,-0.3660646378993988,0.004264473915100098,-0.18443888425827026,-0.010624051094055176,-0.2860977053642273,-0.018900930881500244,-0.3433725833892822,-0.024835407733917236,-0.38592810928821564,-0.014241933822631836,-0.16951343417167664,-0.026105403900146484,-0.2664867043495178,-0.0323520302772522,-0.32119137048721313,-0.036167800426483154,-0.3639720380306244,-0.03679126501083374,-0.14547643065452576,-0.04422694444656372,-0.22457051277160645,-0.04693603515625,-0.2685289680957794,-0.048683881759643555,-0.30460503697395325,namaste
0.0,0.0,-0.02848881483078003,-0.05491495132446289,-0.03998488187789917,-0.11238223314285278,-0.0340823233127594,-0.16630345582962036,-0.022411704063415527,-0.2008470594882965,-0.012194395065307617,-0.1723635196685791,0.0038771629333496094,-0.2597793936729431,0.013713061809539795,-0.30614015460014343,0.021102547645568848,-0.3392820954322815,0.010804295539855957,-0.17030540108680725,0.02388828992843628,-0.26533734798431396,0.031397998332977295,-0.31840452551841736,0.037038326263427734,-0.35471630096435547,0.03394573926925659,-0.15543612837791443,0.04348105192184448,-0.24592161178588867,0.04948347806930542,-0.2978050112724304,0.05396813154220581,-0.3354824185371399,0.05617868900299072,-0.12876063585281372,0.06335055828094482,-0.20043742656707764,0.06568121910095215,-0.24343109130859375,0.0677330493927002,-0.27844274044036865,namaste
0.0,0.0,0.004478335380554199,-0.07954704761505127,-0.002921760082244873,-0.1549839973449707,-0.010592520236968994,-0.20963579416275024,-0.019188344478607178,-0.25404757261276245,-0.0014486908912658691,-0.17732840776443481,-0.013679444789886475,-0.2613174319267273,-0.020654916763305664,-0.3174930810928345,-0.02541959285736084,-0.36651310324668884,-0.0030187368392944336,-0.1641535758972168,-0.0158921480178833,-0.2635827660560608,-0.022805213928222656,-0.3265616297721863,-0.027585387229919434,-0.38360053300857544,-0.010519623756408691,-0.13980454206466675,-0.02117091417312622,-0.2355571985244751,-0.028687238693237305,-0.29684579372406006,-0.033013880252838135,-0.34781312942504883,-0.02324610948562622,-0.10889196395874023,-0.029920458793640137,-0.17226266860961914,-0.032225847244262695,-0.2189207673072815,-0.0331496000289917,-0.2602018117904663,namaste
0.0,0.0,0.015603750944137573,-0.07654526829719543,0.009469926357269287,-0.13995733857154846,-0.0028028488159179688,-0.18556633591651917,-0.012238025665283203,-0.22028300166130066,0.003496229648590088,-0.17189529538154602,-0.014603674411773682,-0.2621868848800659,-0.024563252925872803,-0.3175051659345627,-0.032237619161605835,-0.3626200705766678,-0.0053130388259887695,-0.17182710766792297,-0.025183171033859253,-0.27339449524879456,-0.03715258836746216,-0.3349386602640152,-0.04499471187591553,-0.3846619129180908,-0.020327657461166382,-0.1634274423122406,-0.038009583950042725,-0.2633681744337082,-0.04884377121925354,-0.31927722692489624,-0.055371254682540894,-0.3649819493293762,-0.04128962755203247,-0.14685788750648499,-0.05222317576408386,-0.22486543655395508,-0.05795985460281372,-0.2718522548675537,-0.06276822090148926,-0.31281669437885284,namaste
0.0,0.0,0.01630336046218872,-0.08349168300628662,0.012286901473999023,-0.15802079439163208,0.0024970173835754395,-0.210129976272583,-0.009155809879302979,-0.2512761056423187,0.0024248361587524414,-0.20055627822875977,-0.01243281364440918,-0.3089298903942108,-0.022221863269805908,-0.37905263900756836,-0.030232667922973633,-0.43526583909988403,-0.006561756134033203,-0.19953590631484985,-0.020906269550323486,-0.32273441553115845,-0.030202388763427734,-0.39926087856292725,-0.036316633224487305,-0.4639376103878021,-0.02164900302886963,-0.18818867206573486,-0.03519725799560547,-0.3084142804145813,-0.04231780767440796,-0.37947016954421997,-0.04631417989730835,-0.4396995007991791,-0.042225658893585205,-0.16802000999450684,-0.049344658851623535,-0.2527593672275543,-0.05360853672027588,-0.30919116735458374,-0.05740076303482056,-0.35960307717323303,namaste
0.0,0.0,0.01477503776550293,-0.09267634153366089,0.01128697395324707,-0.1727994680404663,0.0028607845306396484,-0.23202037811279297,-0.003172636032104492,-0.2815598249435425,0.003522336483001709,-0.22241926193237305,-0.0139884352684021,-0.34389370679855347,-0.025239944458007812,-0.4201510548591614,-0.034496009349823,-0.4821607768535614,-0.003598630428314209,-0.21954864263534546,-0.02678859233856201,-0.35668879747390747,-0.04285091161727905,-0.44264930486679077,-0.05434536933898926,-0.5145480930805206,-0.018679261207580566,-0.20776909589767456,-0.03999066352844238,-0.34093815088272095,-0.0537337064743042,-0.41691112518310547,-0.063193678855896,-0.4808300733566284,-0.04019230604171753,-0.18676257133483887,-0.05387747287750244,-0.2784772515296936,-0.06364893913269043,-0.3382214307785034,-0.07299584150314331,-0.3900829553604126,namaste
0.0,0.0,0.024815380573272705,-0.07477033138275146,0.025399327278137207,-0.14425688982009888,0.01802802085876465,-0.19303074479103088,0.011991918087005615,-0.22760650515556335,0.014385819435119629,-0.18778854608535767,0.001107931137084961,-0.28131234645843506,-0.006207466125488281,-0.33991336822509766,-0.012077927589416504,-0.3857265114784241,0.00263899564743042,-0.18899187445640564,-0.011611759662628174,-0.29563236236572266,-0.020727455615997314,-0.36134758591651917,-0.026692569255828857,-0.414127916097641,-0.014684200286865234,-0.18196570873260498,-0.027469635009765625,-0.2841056287288666,-0.03466439247131348,-0.3436717540025711,-0.03856855630874634,-0.3918280303478241,-0.037287890911102295,-0.165883868932724,-0.04446166753768921,-0.24543720483779907,-0.0474550724029541,-0.2943759858608246,-0.049559950828552246,-0.33592747151851654,namaste
0.0,0.0,-0.046573519706726074,-0.02411741018295288,-0.07796424627304077,-0.0997113585472107,-0.07327020168304443,-0.17018789052963257,-0.05199229717254639,-0.19224995374679565,-0.07190954685211182,-0.1526561975479126,-0.08748561143875122,-0.215938538312912,-0.09156090021133423,-0.25701236724853516,-0.09258991479873657,-0.29579487442970276,-0.046620726585388184,-0.17263120412826538,-0.05934786796569824,-0.23777234554290771,-0.06345212459564209,-0.2837445139884949,-0.06592559814453125,-0.32489991188049316,-0.021114230155944824,-0.1737784743309021,-0.02782273292541504,-0.2318076491355896,-0.03177708387374878,-0.274280309677124,-0.03372347354888916,-0.3089750111103058,0.006828188896179199,-0.167434960603714,0.0015079379081726074,-0.21451568603515625,-0.0033529996871948242,-0.24729850888252258,-0.007271707057952881,-0.2784739136695862,help
0.0,0.0,0.042026400566101074,-0.016758739948272705,0.0770433247089386,-0.06807750463485718,0.07947388291358948,-0.12468916177749634,0.0703459233045578,-0.15813857316970825,0.06475450098514557,-0.13139647245407104,0.065993532538414,-0.17842113971710205,0.051091521978378296,-0.14208772778511047,0.04306569695472717,-0.10063999891281128,0.03709891438484192,-0.14175498485565186,0.037894874811172485,-0.19186899065971375,0.025460824370384216,-0.13672828674316406,0.022234231233596802,-0.0872269868850708,0.01138623058795929,-0.14079949259757996,0.009038344025611877,-0.18384671211242676,0.003953903913497925,-0.1229819655418396,0.006613194942474365,-0.07823067903518677,-0.014781072735786438,-0.12883388996124268,-0.01591472327709198,-0.15469613671302795,-0.013885930180549622,-0.10902822017669678,-0.00667184591293335,-0.07706558704376221,help
0.0,0.0,-0.025629520416259766,-0.04131636023521423,-0.03422349691390991,-0.09996980428695679,-0.015547990798950195,-0.1445591300725937,0.007673144340515137,-0.15781870484352112,-0.03555560111999512,-0.12336528301239014,-0.032414913177490234,-0.1690462827682495,-0.022420167922973633,-0.1913069784641266,-0.011803984642028809,-0.20543020963668823,-0.01644819974899292,-0.12573128938674927,-0.011606276035308838,-0.1712270975112915,-0.005860626697540283,-0.1921936571598053,-0.0005232095718383789,-0.20768135786056519,0.0011206269264221191,-0.11967253684997559,0.006902158260345459,-0.162626713514328,0.009256839752197266,-0.18422862887382507,0.01203930377960205,-0.195567786693573,0.020009756088256836,-0.10895630717277527,0.025240302085876465,-0.14359214901924133,0.025701940059661865,-0.16398325562477112,0.025215208530426025,-0.17878542840480804,help
0.0,0.0,0.039528876543045044,-0.025371432304382324,0.06976631283760071,-0.09636658430099487,0.06402531266212463,-0.15021401643753052,0.042932868003845215,-0.16549301147460938,0.0476660281419754,-0.16259127855300903,0.03898097574710846,-0.20961332321166992,0.0329524427652359,-0.1588851809501648,0.03566750884056091,-0.11946296691894531,0.016323164105415344,-0.15847885608673096,0.00995171070098877,-0.20595800876617432,0.009933695197105408,-0.13703519105911255,0.016537219285964966,-0.09861034154891968,-0.010993480682373047,-0.14638715982437134,-0.01978607475757599,-0.19072818756103516,-0.013335630297660828,-0.12222367525100708,-0.003826931118965149,-0.08813726902008057,-0.03680720925331116,-0.1260247826576233,-0.04236927628517151,-0.14971327781677246,-0.03283318877220154,-0.09996092319488525,-0.02244199812412262,-0.07723772525787354,help
0.0,0.0,0.03207141160964966,-0.02683877944946289,0.056115150451660156,-0.07422709465026855,0.053273022174835205,-0.1175299882888794,0.044045448303222656,-0.13757044076919556,0.04356706142425537,-0.12052613496780396,0.03815269470214844,-0.16224494576454163,0.027523338794708252,-0.13206428289413452,0.024099290370941162,-0.09707975387573242,0.02133995294570923,-0.12135237455368042,0.01474142074584961,-0.1629069745540619,0.00763249397277832,-0.120513916015625,0.008345067501068115,-0.0822296142578125,0.0023338794708251953,-0.11423671245574951,-0.005577027797698975,-0.152316153049469,-0.006375432014465332,-0.10634344816207886,-0.0013294219970703125,-0.07075589895248413,-0.015649378299713135,-0.09819614887237549,-0.021442651748657227,-0.11951625347137451,-0.01825690269470215,-0.084930419921875,-0.010530054569244385,-0.059480369091033936,help
0.0,0.0,-0.026496529579162598,-0.03385770320892334,-0.03904390335083008,-0.09747093915939331,-0.030830830335617065,-0.1435142457485199,-0.01648491621017456,-0.16765430569648743,-0.023241817951202393,-0.13509824872016907,-0.015951067209243774,-0.18119752407073975,-0.01164466142654419,-0.146102637052536,-0.012352168560028076,-0.113211989402771,-0.0027060210704803467,-0.13492488861083984,0.004884779453277588,-0.17828738689422607,0.004580795764923096,-0.13234007358551025,-0.00036722421646118164,-0.10243088006973267,0.015752047300338745,-0.12512248754501343,0.024009287357330322,-0.16790923476219177,0.02035468816757202,-0.12333622574806213,0.013403862714767456,-0.09388148784637451,0.032269060611724854,-0.10801827907562256,0.03937029838562012,-0.14242792129516602,0.03458535671234131,-0.11540579795837402,0.027943968772888184,-0.09434598684310913,help
0.0,0.0,0.04320245981216431,-0.04012030363082886,0.07227036356925964,-0.11492174863815308,0.054888010025024414,-0.179629385471344,0.022088974714279175,-0.19451004266738892,0.07212312519550323,-0.1951243281364441,0.0844055712223053,-0.2678101658821106,0.0877029299736023,-0.3150066137313843,0.0894678384065628,-0.35918039083480835,0.04644942283630371,-0.2107040286064148,0.05832834541797638,-0.2850797176361084,0.06371963024139404,-0.3368340730667114,0.06786608695983887,-0.3832334280014038,0.019948706030845642,-0.20588350296020508,0.029470443725585938,-0.2776588797569275,0.037846311926841736,-0.3248802423477173,0.04373599588871002,-0.368302583694458,-0.00942164659500122,-0.18687736988067627,-0.010251298546791077,-0.2409002184867859,-0.009847000241279602,-0.2795141935348511,-0.009981483221054077,-0.3181745409965515,help
0.0,0.0,-0.04430806636810303,-0.042496562004089355,-0.06983566284179688,-0.10780835151672363,-0.058981359004974365,-0.1614241600036621,-0.037354230880737305,-0.1787281334400177,-0.06530016660690308,-0.1561691164970398,-0.06943035125732422,-0.21282869577407837,-0.054882824420928955,-0.18090161681175232,-0.049172282218933105,-0.14785611629486084,-0.04138249158859253,-0.16706761717796326,-0.041622281074523926,-0.21766719222068787,-0.02878868579864502,-0.17780804634094238,-0.029108703136444092,-0.14815664291381836,-0.016757607460021973,-0.17063501477241516,-0.0177728533744812,-0.2198658585548401,-0.010126590728759766,-0.1820058822631836,-0.01175779104232788,-0.15100789070129395,0.006698906421661377,-0.16646888852119446,0.0027788877487182617,-0.20978152751922607,0.0056185126304626465,-0.1843591332435608,0.005686759948730469,-0.1584855318069458,help
0.0,0.0,0.05413064360618591,-0.029404878616333008,0.09268426895141602,-0.07869195938110352,0.10798829793930054,-0.13269779086112976,0.10995563864707947,-0.17278602719306946,0.08627907931804657,-0.1411210298538208,0.0916801393032074,-0.19083893299102783,0.07231390476226807,-0.16232678294181824,0.0599232017993927,-0.12058019638061523,0.05897510051727295,-0.15643155574798584,0.06188443303108215,-0.20892420411109924,0.04506389796733856,-0.1628553569316864,0.03717109560966492,-0.11099857091903687,0.03209957480430603,-0.15900695323944092,0.03182436525821686,-0.20063066482543945,0.021573305130004883,-0.14487490057945251,0.018160521984100342,-0.0949830412864685,0.0052458494901657104,-0.14984750747680664,0.004998564720153809,-0.17804592847824097,0.0005441755056381226,-0.13431894779205322,0.001932397484779358,-0.09548202157020569,help
0.0,0.0,-0.04078567028045654,-0.008989155292510986,-0.0713263750076294,-0.06396687030792236,-0.07467752695083618,-0.11737734079360962,-0.06737792491912842,-0.14650297164916992,-0.06040489673614502,-0.11280128359794617,-0.05741572380065918,-0.16516003012657166,-0.04623007774353027,-0.13142898678779602,-0.043197810649871826,-0.1027294397354126,-0.0360296368598938,-0.1190190315246582,-0.03107917308807373,-0.16862338781356812,-0.02319192886352539,-0.11662048101425171,-0.02669459581375122,-0.08759719133377075,-0.013665437698364258,-0.12080302834510803,-0.008728563785552979,-0.15734922885894775,-0.004832029342651367,-0.1048460602760315,-0.010453104972839355,-0.07967302203178406,0.007813811302185059,-0.11675304174423218,0.01175755262374878,-0.14798206090927124,0.012658298015594482,-0.11085939407348633,0.007811188697814941,-0.08801111578941345,help
0.0,0.0,0.03770376741886139,-0.038218140602111816,0.06283785402774811,-0.10655200481414795,0.054544880986213684,-0.1527085304260254,0.03686673939228058,-0.17603856325149536,0.045686498284339905,-0.17653602361679077,0.05260242521762848,-0.22179675102233887,0.04782925546169281,-0.17043232917785645,0.042903438210487366,-0.12063485383987427,0.0155516117811203,-0.17594647407531738,0.021824166178703308,-0.2270457148551941,0.021216347813606262,-0.1633053421974182,0.021993711590766907,-0.10943955183029175,-0.013918101787567139,-0.16536492109298706,-0.008167192339897156,-0.19824159145355225,-0.0018953680992126465,-0.13036787509918213,0.0030658841133117676,-0.08256763219833374,-0.043507784605026245,-0.14427965879440308,-0.034112170338630676,-0.16429680585861206,-0.022958874702453613,-0.11418688297271729,-0.015441909432411194,-0.08040529489517212,help
0.0,0.0,0.031076431274414062,-0.020008862018585205,0.05598264932632446,-0.0544416606426239,0.05861833691596985,-0.09281489253044128,0.05306759476661682,-0.11561650037765503,0.04389944672584534,-0.09792575240135193,0.04160246253013611,-0.13385891914367676,0.031088292598724365,-0.11077576875686646,0.02536672353744507,-0.07984238862991333,0.02456003427505493,-0.10326117277145386,0.020354032516479492,-0.13724875450134277,0.012931972742080688,-0.10047540068626404,0.011500537395477295,-0.06540074944496155,0.00751630961894989,-0.10134109854698181,0.002447575330734253,-0.13324251770973206,-0.0004981160163879395,-0.0928727388381958,0.001248374581336975,-0.06003257632255554,-0.008908316493034363,-0.09119758009910583,-0.012110918760299683,-0.11195337772369385,-0.011653915047645569,-0.08029887080192566,-0.007435962557792664,-0.05538633465766907,help
0.0,0.0,-0.029607295989990234,-0.025947153568267822,-0.04795593023300171,-0.0786956250667572,-0.041061997413635254,-0.11814472079277039,-0.028474390506744385,-0.1359284520149231,-0.04851573705673218,-0.09681957960128784,-0.04060333967208862,-0.14635556936264038,-0.027790844440460205,-0.1238732635974884,-0.023211300373077393,-0.09663718938827515,-0.028460383415222168,-0.10423862934112549,-0.02274918556213379,-0.15079250931739807,-0.010111033916473389,-0.11792486906051636,-0.009090960025787354,-0.08859255909919739,-0.009075403213500977,-0.10728976130485535,-0.006013274192810059,-0.1489989012479782,0.0033483505249023438,-0.11490052938461304,0.001991093158721924,-0.08541116118431091,0.008164942264556885,-0.10466194152832031,0.011613130569458008,-0.13882353901863098,0.0154915452003479,-0.11866539716720581,0.01308220624923706,-0.09720543026924133,help
0.0,0.0,-0.03932994604110718,-0.07053083181381226,-0.06582164764404297,-0.14419406652450562,-0.07872030138969421,-0.20441466569900513,-0.09468227624893188,-0.27581167221069336,-0.04871967434883118,-0.11432766914367676,-0.033312976360321045,-0.19469010829925537,-0.013012737035751343,-0.2618482708930969,0.007105350494384766,-0.3195164203643799,-0.006088078022003174,-0.08458846807479858,0.010419964790344238,-0.17577409744262695,0.029602080583572388,-0.2573232650756836,0.045666903257369995,-0.32233548164367676,0.03259307146072388,-0.0655660629272461,0.04912656545639038,-0.14390534162521362,0.06378158926963806,-0.22011351585388184,0.07651945948600769,-0.2833409309387207,0.06739106774330139,-0.051717162132263184,0.08136257529258728,-0.11377882957458496,0.09097489714622498,-0.16974985599517822,0.1011095941066742,-0.22275787591934204,thankyou
0.0,0.0,-0.05706515908241272,-0.08111816644668579,-0.09521463513374329,-0.15663963556289673,-0.11919543147087097,-0.21982884407043457,-0.14970499277114868,-0.2976943254470825,-0.09725457429885864,-0.11163496971130371,-0.08371362090110779,-0.23451495170593262,-0.06702041625976562,-0.3258002996444702,-0.051109641790390015,-0.3947538137435913,-0.044666171073913574,-0.0861823558807373,-0.030512511730194092,-0.2260679006576538,-0.017834454774856567,-0.33357787132263184,-0.005800515413284302,-0.40815746784210205,0.005101919174194336,-0.07878303527832031,0.016529738903045654,-0.2056143879890442,0.025612831115722656,-0.30845457315444946,0.030686020851135254,-0.3875036835670471,0.05020442605018616,-0.08277648687362671,0.0565912127494812,-0.17519575357437134,0.06087556481361389,-0.24901455640792847,0.06465116143226624,-0.314014732837677,thankyou
0.0,0.0,-0.05146363377571106,-0.042923688888549805,-0.09081926941871643,-0.09368211030960083,-0.11760610342025757,-0.12136507034301758,-0.1477610468864441,-0.14946109056472778,-0.05596169829368591,-0.08574461936950684,-0.05122974514961243,-0.1371605396270752,-0.03406572341918945,-0.20462197065353394,-0.014389902353286743,-0.270111620426178,-0.007110685110092163,-0.06112992763519287,0.0021646320819854736,-0.13099640607833862,0.017668932676315308,-0.21504688262939453,0.03195551037788391,-0.2895650863647461,0.03382429480552673,-0.04390740394592285,0.04524686932563782,-0.10453718900680542,0.05790862441062927,-0.18392467498779297,0.0719471275806427,-0.24979090690612793,0.06672373414039612,-0.02592933177947998,0.07944265007972717,-0.0768505334854126,0.09122183918952942,-0.13223743438720703,0.10516861081123352,-0.18454349040985107,thankyou
0.0,0.0,-0.037493109703063965,-0.09797435998916626,-0.057365477085113525,-0.19902938604354858,-0.06336528062820435,-0.28531569242477417,-0.0734337568283081,-0.34534788131713867,-0.04837024211883545,-0.2668760418891907,-0.006608009338378906,-0.3929367661476135,0.01889282464981079,-0.4530062675476074,0.03644847869873047,-0.49538910388946533,-0.014905154705047607,-0.25314861536026,0.02529507875442505,-0.3968349099159241,0.049533307552337646,-0.4704968333244324,0.06474834680557251,-0.5243372321128845,0.022837698459625244,-0.22588956356048584,0.05527687072753906,-0.3632686138153076,0.07528531551361084,-0.4342572093009949,0.08681970834732056,-0.4919476807117462,0.06203043460845947,-0.18774497509002686,0.08374756574630737,-0.3076472878456116,0.09471571445465088,-0.36584919691085815,0.1023830771446228,-0.4151691794395447,thankyou
0.0,0.0,0.056201934814453125,-0.06443232297897339,0.09180885553359985,-0.1297035813331604,0.10609596967697144,-0.19740140438079834,0.11255818605422974,-0.2595091462135315,0.07675027847290039,-0.10550516843795776,0.05585920810699463,-0.22207611799240112,0.04096120595932007,-0.2951759099960327,0.028200000524520874,-0.35283929109573364,0.04298430681228638,-0.06381064653396606,0.01996058225631714,-0.1962684988975525,0.005021542310714722,-0.2870830297470093,-0.007155299186706543,-0.357913613319397,0.008525878190994263,-0.030500411987304688,-0.013907670974731445,-0.15864288806915283,-0.023777127265930176,-0.24852579832077026,-0.0329035222530365,-0.3141043186187744,-0.02483019232749939,-0.010297596454620361,-0.04100355505943298,-0.09731078147888184,-0.045928955078125,-0.16495996713638306,-0.05015939474105835,-0.2203887701034546,thankyou
0.0,0.0,0.04322215914726257,-0.06228750944137573,0.07752540707588196,-0.1480615735054016,0.08916684985160828,-0.22899717092514038,0.08938261866569519,-0.30255091190338135,0.0698566734790802,-0.12552261352539062,0.05596461892127991,-0.2584642767906189,0.04225495457649231,-0.33729010820388794,0.03212520480155945,-0.3978862762451172,0.03490892052650452,-0.0961102843284607,0.01855531334877014,-0.24780482053756714,0.007248669862747192,-0.3448016047477722,0.0005273818969726562,-0.4115588665008545,-0.002403825521469116,-0.07819950580596924,-0.018317371606826782,-0.2166733741760254,-0.024381935596466064,-0.30578726530075073,-0.024164676666259766,-0.36918002367019653,-0.0397147536277771,-0.07333117723464966,-0.04843699932098389,-0.17864936590194702,-0.04923012852668762,-0.24213385581970215,-0.045579493045806885,-0.2933194637298584,thankyou
0.0,0.0,-0.03144100308418274,-0.043826162815093994,-0.05108967423439026,-0.10162585973739624,-0.061225682497024536,-0.14556199312210083,-0.070311039686203,-0.18146926164627075,-0.023224353790283203,-0.07500690221786499,-0.0023331940174102783,-0.14260870218276978,0.012378424406051636,-0.18572217226028442,0.0260048508644104,-0.22109991312026978,0.012129783630371094,-0.05868852138519287,0.031641602516174316,-0.13987314701080322,0.04572322964668274,-0.19239139556884766,0.05763465166091919,-0.23369473218917847,0.03956142067909241,-0.055288612842559814,0.05329576134681702,-0.13638347387313843,0.06413581967353821,-0.18822485208511353,0.07334166765213013,-0.23054718971252441,0.05859312415122986,-0.06400197744369507,0.0685977041721344,-0.13263732194900513,0.07451435923576355,-0.1737828254699707,0.0797070562839508,-0.21017616987228394,thankyou
0.0,0.0,0.02879166603088379,-0.07290071249008179,0.043222248554229736,-0.1572171449661255,0.041507184505462646,-0.22955721616744995,0.041666626930236816,-0.2906278967857361,0.03809404373168945,-0.12723398208618164,-0.0005921125411987305,-0.22198528051376343,-0.026821792125701904,-0.28168416023254395,-0.04619181156158447,-0.32903236150741577,0.008634030818939209,-0.08299952745437622,-0.036376357078552246,-0.1940593719482422,-0.06159704923629761,-0.2676904797554016,-0.07979696989059448,-0.3183141350746155,-0.02192544937133789,-0.0490456223487854,-0.06234121322631836,-0.15349000692367554,-0.08191150426864624,-0.2216205596923828,-0.09484696388244629,-0.27266764640808105,-0.05099189281463623,-0.02647697925567627,-0.07980507612228394,-0.10449671745300293,-0.0918378233909607,-0.1572810411453247,-0.09971541166305542,-0.20162826776504517,thankyou
0.0,0.0,-0.045809656381607056,-0.051599860191345215,-0.0753549337387085,-0.1474209427833557,-0.069586843252182,-0.23744189739227295,-0.048982053995132446,-0.2818811535835266,-0.0714384913444519,-0.14667963981628418,-0.054027259349823,-0.2823886275291443,-0.046294838190078735,-0.2550222873687744,-0.042565107345581055,-0.2148304581642151,-0.029739290475845337,-0.14518839120864868,-0.02352246642112732,-0.30361098051071167,-0.025522470474243164,-0.386799156665802,-0.025081545114517212,-0.44932347536087036,0.011575907468795776,-0.14708077907562256,0.01247793436050415,-0.2706983685493469,0.005952954292297363,-0.24583935737609863,0.00426405668258667,-0.20515978336334229,0.04779711365699768,-0.14861160516738892,0.033266693353652954,-0.24341779947280884,0.02710634469985962,-0.21949398517608643,0.029899179935455322,-0.18844527006149292,fuck off
0.0,0.0,0.039810121059417725,-0.0724637508392334,0.06109195947647095,-0.16746163368225098,0.04615986347198486,-0.2573230266571045,0.026324093341827393,-0.2944104075431824,0.09784293174743652,-0.19237202405929565,0.06327438354492188,-0.3035435676574707,0.03383278846740723,-0.30664628744125366,0.018221914768218994,-0.3004051446914673,0.07070839405059814,-0.15052437782287598,0.045068323612213135,-0.3053484559059143,0.03680264949798584,-0.40026116371154785,0.030185163021087646,-0.47813430428504944,0.031178653240203857,-0.11859256029129028,-0.020033538341522217,-0.2694256901741028,-0.023805081844329834,-0.22609835863113403,-0.010595202445983887,-0.18370407819747925,-0.008762598037719727,-0.096099853515625,-0.04623377323150635,-0.21879929304122925,-0.04415631294250488,-0.18562078475952148,-0.029240667819976807,-0.14769017696380615,fuck off
0.0,0.0,-0.038656264543533325,-0.06812107563018799,-0.05225580930709839,-0.15571117401123047,-0.04135534167289734,-0.23437130451202393,-0.019118964672088623,-0.27944791316986084,-0.05436360836029053,-0.17647480964660645,-0.04049438238143921,-0.29019057750701904,-0.025987595319747925,-0.27660053968429565,-0.01752331852912903,-0.2455042004585266,-0.016467183828353882,-0.17445576190948486,-0.011327683925628662,-0.31570905447006226,-0.009454309940338135,-0.3980812430381775,-0.008244752883911133,-0.4605444371700287,0.02206405997276306,-0.1690232753753662,0.02641192078590393,-0.2746054530143738,0.02234223484992981,-0.2502192258834839,0.01886269450187683,-0.2145349383354187,0.055210620164871216,-0.15760093927383423,0.047502607107162476,-0.23983263969421387,0.040073007345199585,-0.21865051984786987,0.04097151756286621,-0.18919610977172852,fuck off
0.0,0.0,-0.033341944217681885,-0.046833574771881104,-0.0506555438041687,-0.11562323570251465,-0.04580509662628174,-0.1822226643562317,-0.03514203429222107,-0.22262001037597656,-0.08089759945869446,-0.1376098394393921,-0.06296929717063904,-0.21401697397232056,-0.04344993829727173,-0.20464926958084106,-0.03786885738372803,-0.18503624200820923,-0.06612062454223633,-0.14873754978179932,-0.058190375566482544,-0.253883421421051,-0.05531319975852966,-0.31456756591796875,-0.05520769953727722,-0.36417800188064575,-0.0451776385307312,-0.153181791305542,-0.013967901468276978,-0.21688956022262573,-0.006665140390396118,-0.18463772535324097,-0.010737419128417969,-0.1529436707496643,-0.017540395259857178,-0.15514439344406128,0.006539970636367798,-0.19806212186813354,0.012907743453979492,-0.16839003562927246,0.007688164710998535,-0.14587271213531494,fuck off
0.0,0.0,0.030901610851287842,-0.050931572914123535,0.04667931795120239,-0.11833333969116211,0.0381888747215271,-0.18159979581832886,0.023253679275512695,-0.2197498083114624,0.06904435157775879,-0.15335029363632202,0.05417674779891968,-0.2526926100254059,0.043810486793518066,-0.3085470199584961,0.03597235679626465,-0.35355690121650696,0.050499796867370605,-0.1451171636581421,0.03388369083404541,-0.25317955017089844,0.023767709732055664,-0.3143271207809448,0.016926884651184082,-0.3627904951572418,0.02465379238128662,-0.1336635947227478,-0.008156180381774902,-0.21037617325782776,-0.010650038719177246,-0.17476782202720642,-0.002472907304763794,-0.1438491940498352,-0.004079759120941162,-0.12233215570449829,-0.02552253007888794,-0.17494511604309082,-0.02705875039100647,-0.14626365900039673,-0.02057361602783203,-0.1202583909034729,fuck off
0.0,0.0,-0.03448837995529175,-0.054412007331848145,-0.04693564772605896,-0.12261539697647095,-0.03185716271400452,-0.17890286445617676,-0.010018885135650635,-0.20523005723953247,-0.06493662297725677,-0.15102845430374146,-0.04125356674194336,-0.23217207193374634,-0.022084861993789673,-0.22024956345558167,-0.014776796102523804,-0.19884273409843445,-0.038181960582733154,-0.16451364755630493,-0.02852734923362732,-0.26178261637687683,-0.025272607803344727,-0.32270365953445435,-0.024828225374221802,-0.36837148666381836,-0.008291691541671753,-0.17003488540649414,0.007383465766906738,-0.21634986996650696,0.009099990129470825,-0.1907413899898529,0.0062275230884552,-0.1590842604637146,0.020252108573913574,-0.16550475358963013,0.024828821420669556,-0.18765604496002197,0.02262595295906067,-0.16238433122634888,0.021104395389556885,-0.1408875584602356,fuck off
0.0,0.0,-0.04866626858711243,-0.038162052631378174,-0.08409959077835083,-0.11743718385696411,-0.0956164300441742,-0.19550365209579468,-0.08234962821006775,-0.22125083208084106,-0.09415575861930847,-0.10863596200942993,-0.07386472821235657,-0.2278536558151245,-0.055734217166900635,-0.2111377716064453,-0.050501078367233276,-0.17522817850112915,-0.06243520975112915,-0.09334051609039307,-0.04714652895927429,-0.25095564126968384,-0.04166233539581299,-0.33334463834762573,-0.03791746497154236,-0.3976774513721466,-0.026100724935531616,-0.08855223655700684,-0.00896388292312622,-0.22118139266967773,-0.003476768732070923,-0.19048482179641724,-0.0033459365367889404,-0.1524718999862671,0.010927438735961914,-0.09278398752212524,0.01957237720489502,-0.19619107246398926,0.0238020122051239,-0.17299532890319824,0.021878808736801147,-0.1407414674758911,fuck off
0.0,0.0,-0.03651401400566101,-0.05922979116439819,-0.06210964918136597,-0.1219986081123352,-0.06787189841270447,-0.17096269130706787,-0.057799458503723145,-0.20070987939834595,-0.06378468871116638,-0.09258216619491577,-0.03603100776672363,-0.2001255750656128,-0.014908641576766968,-0.2675516605377197,0.0013687312602996826,-0.31660372018814087,-0.023468881845474243,-0.06205010414123535,0.0059649646282196045,-0.19055604934692383,0.024346649646759033,-0.27028340101242065,0.03652393817901611,-0.3238336443901062,0.015719085931777954,-0.0483744740486145,0.03986334800720215,-0.16867411136627197,0.051613181829452515,-0.24453723430633545,0.058714836835861206,-0.29262256622314453,0.04846683144569397,-0.04817020893096924,0.061875343322753906,-0.14022034406661987,0.06771224737167358,-0.19798439741134644,0.07366690039634705,-0.24040353298187256,thankyou
0.0,0.0,0.04331475496292114,-0.07100480794906616,0.07212835550308228,-0.16759425401687622,0.07664108276367188,-0.2506977319717407,0.07954341173171997,-0.32352346181869507,0.06026196479797363,-0.1561657190322876,0.02493351697921753,-0.2881430983543396,0.0007385015487670898,-0.36548876762390137,-0.01667577028274536,-0.4244312047958374,0.022412478923797607,-0.11551302671432495,-0.016429603099822998,-0.26708918809890747,-0.039306044578552246,-0.3621770739555359,-0.053455352783203125,-0.4265722632408142,-0.01577901840209961,-0.08901315927505493,-0.04978245496749878,-0.2287103533744812,-0.06781572103500366,-0.3172416090965271,-0.07676506042480469,-0.37932342290878296,-0.05261695384979248,-0.07692307233810425,-0.076496422290802,-0.18991899490356445,-0.08662164211273193,-0.2565990090370178,-0.09058815240859985,-0.31014353036880493,thankyou
0.0,0.0,-0.03966829180717468,-0.0729825496673584,-0.07418936491012573,-0.1322043538093567,-0.09732680022716522,-0.1858232021331787,-0.12235160171985626,-0.21738648414611816,-0.0964350551366806,-0.11353814601898193,-0.11034226417541504,-0.218192458152771,-0.12064574658870697,-0.2820800542831421,-0.12710794806480408,-0.33399176597595215,-0.07612955570220947,-0.10189634561538696,-0.09712101519107819,-0.21917188167572021,-0.11048772931098938,-0.2935183048248291,-0.12007839977741241,-0.35141706466674805,-0.04949532449245453,-0.09825074672698975,-0.0717037171125412,-0.2034006118774414,-0.08583204448223114,-0.2698934078216553,-0.09910602867603302,-0.32187992334365845,-0.01798883080482483,-0.10382741689682007,-0.037339866161346436,-0.17774051427841187,-0.05160589516162872,-0.2279125452041626,-0.06397752463817596,-0.27140456438064575,thankyou
0.0,0.0,0.045543134212493896,-0.05901002883911133,0.07990819215774536,-0.13648146390914917,0.09216666221618652,-0.20330852270126343,0.10530275106430054,-0.2599371671676636,0.05061495304107666,-0.11323374509811401,0.025828242301940918,-0.23695862293243408,0.010318279266357422,-0.31173229217529297,-0.0013903975486755371,-0.37132883071899414,0.009191334247589111,-0.0809817910194397,-0.016646981239318848,-0.22842442989349365,-0.029033780097961426,-0.3155395984649658,-0.03579229116439819,-0.37630176544189453,-0.02671295404434204,-0.063382089138031,-0.04987972974777222,-0.19746899604797363,-0.057048022747039795,-0.2806244492530823,-0.0588761568069458,-0.3409525752067566,-0.05690908432006836,-0.05788898468017578,-0.07319426536560059,-0.16210275888442993,-0.07741546630859375,-0.2225322723388672,-0.07914143800735474,-0.27009880542755127,thankyou
0.0,0.0,-0.04963007569313049,-0.05802011489868164,-0.08098414540290833,-0.10028684139251709,-0.1046329140663147,-0.13733547925949097,-0.1366921067237854,-0.17910492420196533,-0.08362080156803131,-0.07156610488891602,-0.08619123697280884,-0.15624380111694336,-0.08509424328804016,-0.22909998893737793,-0.08208310604095459,-0.28006309270858765,-0.046764642000198364,-0.061077117919921875,-0.05235031247138977,-0.15748566389083862,-0.054109424352645874,-0.23552513122558594,-0.052188605070114136,-0.2902703285217285,-0.011123478412628174,-0.059627652168273926,-0.017795562744140625,-0.14460033178329468,-0.021636873483657837,-0.2142978310585022,-0.026189178228378296,-0.26946353912353516,0.02251124382019043,-0.06786686182022095,0.019788384437561035,-0.12530767917633057,0.015404582023620605,-0.1749700903892517,0.011406421661376953,-0.22086793184280396,thankyou
0.0,0.0,-0.04636192321777344,-0.06857603788375854,-0.07860958576202393,-0.13368558883666992,-0.09520906209945679,-0.19352084398269653,-0.10785049200057983,-0.2453935742378235,-0.10219162702560425,-0.15193206071853638,-0.11131292581558228,-0.27380436658859253,-0.11454242467880249,-0.3459203839302063,-0.11630231142044067,-0.401666522026062,-0.07684177160263062,-0.13999485969543457,-0.0865892767906189,-0.27650684118270874,-0.09078454971313477,-0.35937070846557617,-0.09395408630371094,-0.42249369621276855,-0.044573843479156494,-0.13406765460968018,-0.05315643548965454,-0.259882390499115,-0.060440778732299805,-0.3387971520423889,-0.06827068328857422,-0.3984740972518921,-0.008531332015991211,-0.13299816846847534,-0.017764389514923096,-0.22956961393356323,-0.028014421463012695,-0.29065269231796265,-0.03644609451293945,-0.3436586260795593,thankyou
0.0,0.0,0.03283965587615967,-0.05442017316818237,0.062143564224243164,-0.11615127325057983,0.0784042477607727,-0.16877424716949463,0.08631342649459839,-0.21540749073028564,0.04337430000305176,-0.0738716721534729,0.025466561317443848,-0.16863709688186646,0.01313793659210205,-0.23347419500350952,0.003630340099334717,-0.2858889102935791,0.007868945598602295,-0.04626554250717163,-0.010507404804229736,-0.15662497282028198,-0.01962822675704956,-0.2331342101097107,-0.025468051433563232,-0.2882764935493469,-0.024339735507965088,-0.031582772731781006,-0.040782034397125244,-0.13357621431350708,-0.04519933462142944,-0.20327520370483398,-0.04605796933174133,-0.2542564868927002,-0.05164232850074768,-0.028922975063323975,-0.06357008218765259,-0.10501915216445923,-0.0668036937713623,-0.1552976369857788,-0.0683411955833435,-0.19645041227340698,thankyou
0.0,0.0,-0.04344096779823303,-0.056140899658203125,-0.07583674788475037,-0.12987923622131348,-0.0995686799287796,-0.19027137756347656,-0.12858566641807556,-0.23841285705566406,-0.07626542448997498,-0.11990028619766235,-0.06468957662582397,-0.23236805200576782,-0.0601142942905426,-0.3008667826652527,-0.05575913190841675,-0.35846155881881714,-0.042095690965652466,-0.10513496398925781,-0.03528180718421936,-0.22998088598251343,-0.03379020094871521,-0.312152624130249,-0.031579405069351196,-0.37458884716033936,-0.004979342222213745,-0.09638369083404541,-0.0011684894561767578,-0.2106151580810547,-0.0023222267627716064,-0.28670740127563477,-0.005071520805358887,-0.34542006254196167,0.0314616858959198,-0.09533590078353882,0.033365100622177124,-0.1814117431640625,0.029265999794006348,-0.2388339638710022,0.02570819854736328,-0.28781062364578247,thankyou
0.0,0.0,-0.046386584639549255,-0.04995131492614746,-0.08187361061573029,-0.10805684328079224,-0.104586660861969,-0.15678393840789795,-0.12765070796012878,-0.21087908744812012,-0.0716286301612854,-0.09131193161010742,-0.06182366609573364,-0.18710964918136597,-0.051247820258140564,-0.2603023052215576,-0.04062411189079285,-0.31996721029281616,-0.02951425313949585,-0.07729864120483398,-0.022233545780181885,-0.19229865074157715,-0.01562705636024475,-0.2792550325393677,-0.008946210145950317,-0.34027040004730225,0.009868651628494263,-0.07740050554275513,0.01523047685623169,-0.18157446384429932,0.01687803864479065,-0.26104533672332764,0.017067909240722656,-0.32328689098358154,0.04476270079612732,-0.0857628583908081,0.04869842529296875,-0.1677842140197754,0.04715725779533386,-0.22405993938446045,0.04635494947433472,-0.2749391198158264,thankyou
